variant,config,seed,kb,kb_int8,kb_pke,kb_f32,macc,params,float_ppl,ppl,t1,t3,best_step,stop_reason,mon_ppl,batch,seq,time_s
gru,base_s100,0,84.8,70.0,0.0,14.7,71040,71928,4.245,4.248,0.5759,0.7796,54000,decayed,4.207,512,96,7552.2
gru,base_s170,0,172.3,153.5,0.0,18.8,155136,156504,3.764,3.767,0.6077,0.8022,44000,decayed,3.794,512,96,6229.6
gru,base_s260,0,282.4,259.6,0.0,22.8,262656,264456,3.536,3.538,0.6253,0.8125,54000,decayed,3.819,512,96,50626.0
gru,base_s360,0,437.4,410.5,0.0,26.9,415872,418152,3.342,3.35,0.6386,0.8234,62000,decayed,3.464,512,96,10392.7
gru,replace_fmlp_k7_D4_HfkD_s170,0,178.9,155.8,3.94,19.1,157264,160724,4.114,4.127,0.5854,0.7853,65000,decayed,4.087,512,96,22580.6
gru,replace_fmlp_k7_D8_HfkD_s170,0,186.7,159.6,7.88,19.2,160960,166464,3.982,3.989,0.5952,0.7927,81000,decayed,3.973,512,96,12138.3
gru,replace_fmlp_k7_D16_HfkD_s170,0,206.8,171.6,15.75,19.5,173056,182648,3.866,3.891,0.5985,0.7985,67000,decayed,4.143,512,96,10330.9
gru,replace_fmlp_k7_D32_HfkD_s170,0,265.4,214.0,31.5,19.9,216064,233832,3.773,3.787,0.6069,0.803,53000,decayed,3.853,512,96,8305.1
gru,replace_fmlp_k7_D16_HfE_s170,0,196.3,161.3,15.75,19.2,162816,172344,3.994,4.008,0.5964,0.7903,69000,decayed,3.917,512,96,19195.8
gru,replace_fmlp_k7_D16_Hf2kD_s170,0,225.2,189.5,15.75,19.9,190976,200680,3.864,3.88,0.6023,0.7998,58000,decayed,3.885,512,96,19219.6
gru,replace_fmlp_k12_D16_HfkD_s170,0,246.2,199.4,27.0,19.8,201216,216648,3.845,3.84,0.6031,0.799,50000,decayed,3.879,512,96,13048.1
gru,fmlp_res_k7_D8_Hf2kD_s170,0,192.8,165.5,7.88,19.5,166784,172344,3.646,3.655,0.6156,0.8062,73000,decayed,3.67,512,96,10823.2
gru,fmlp_res_k7_D16_Hf2kD_s170,0,225.2,189.5,15.75,19.9,190976,200680,3.601,3.607,0.6203,0.809,61000,decayed,3.653,512,96,9404.9
gru,fmlp_res_k7_D32_Hf2kD_s170,0,326.7,274.4,31.5,20.8,276992,294984,3.558,3.567,0.6233,0.8104,41000,decayed,3.853,512,96,6545.8
gru,fmlp_res_k7_D16_HfE_s170,0,196.3,161.3,15.75,19.2,162816,172344,3.681,3.683,0.6125,0.8035,43000,decayed,3.813,512,96,6644.0
gru,fmlp_res_k7_D16_HfkD_s170,0,206.8,171.6,15.75,19.5,173056,182648,3.663,3.665,0.6156,0.8048,60000,decayed,3.634,512,96,9226.0
gru,fmlp_res_k7_D16_Hf2kD_s100,0,135.8,104.3,15.75,15.8,105088,114304,3.932,3.941,0.5972,0.7923,48000,decayed,3.963,512,96,40218.8
gru,fmlp_res_k7_D16_Hf2kD_s260,0,337.1,297.4,15.75,23.9,300288,310432,3.458,3.464,0.6319,0.8148,31000,decayed,3.543,512,96,4979.4
gru,fmlp_res_k7_D16_Hf2kD_s360,0,493.9,450.2,15.75,28.0,455296,465928,3.334,3.337,0.642,0.8225,40000,decayed,3.595,512,96,6778.6
gru,addstate_k7_D16_s170,0,212.5,177.9,15.75,18.8,179328,188760,3.749,3.752,0.6102,0.8011,45000,decayed,3.985,512,96,6789.8
gru,addstate_k7_D32_s170,0,251.9,201.6,31.5,18.8,203520,221016,3.696,3.704,0.6118,0.8049,47000,decayed,4.011,512,96,7137.4
gru,concat_k7_D8_s170,0,184.1,157.4,7.88,18.8,159168,164568,3.723,3.727,0.6095,0.8027,48000,decayed,3.798,512,96,7217.9
gru,concat_k7_D16_s170,0,195.9,161.3,15.75,18.8,163200,172632,3.769,3.776,0.608,0.8007,41000,decayed,3.774,512,96,6183.4
gru,concat_k7_D16_s360,0,461.1,418.4,15.75,26.9,423936,434280,3.373,3.376,0.6378,0.8201,41000,decayed,3.457,512,96,7007.1
standalone,mlp_head_k7_D32_H256_L2,0,103.6,92.3,0.0,11.3,94464,95048,10.958,10.994,0.3537,0.5604,50000,decayed,10.665,512,96,616.0
standalone,pke_sum_k4_D32_H256_L2,0,112.6,92.3,18.0,2.3,92160,101960,4.709,4.72,0.5441,0.7677,45000,decayed,4.644,512,96,505.1
standalone,pke_sum_k7_D16_H256_L2,0,106.3,88.3,15.75,2.3,88064,96712,4.596,4.64,0.5576,0.7675,67000,decayed,4.931,512,96,958.4
standalone,pke_sum_k7_D32_H256_L2,0,126.1,92.3,31.5,2.3,92160,108872,4.385,4.408,0.5712,0.7755,73000,decayed,4.515,512,96,1078.0
standalone,pke_sum_k12_D16_H256_L2,0,117.6,88.3,27.0,2.3,88064,102472,4.527,4.543,0.5655,0.7714,80000,decayed,4.366,512,96,1757.5
standalone,pke_sum_k12_D32_H256_L2,0,148.6,92.3,54.0,2.3,92160,120392,4.321,4.339,0.5745,0.7785,71000,decayed,4.353,512,96,1603.4
standalone,pke_cat_k4_D16_H256_L2,0,111.6,100.3,9.0,2.3,100352,105544,4.648,4.654,0.5431,0.7703,40000,decayed,4.627,512,96,447.7
standalone,pke_cat_k4_D32_H256_L2,0,136.6,116.3,18.0,2.3,116736,126536,4.591,4.596,0.5456,0.7729,25000,decayed,4.889,512,96,293.6
standalone,pke_cat_k7_D8_H256_L2,0,108.4,98.3,7.88,2.3,98304,102920,4.42,4.441,0.5697,0.7757,75000,decayed,4.58,512,96,1030.9
standalone,pke_cat_k7_D16_H256_L2,0,130.3,112.3,15.75,2.3,112640,121288,4.278,4.298,0.577,0.7791,64000,decayed,4.652,512,96,933.1
standalone,pke_cat_k12_D8_H256_L2,0,124.1,108.3,13.5,2.3,108544,116040,4.366,4.379,0.5723,0.7774,53000,decayed,4.411,512,96,1131.8
standalone,pke_sum_k7_D16_H128_L1,0,28.3,11.8,15.75,0.8,11264,19528,6.705,6.713,0.4639,0.689,52000,decayed,6.495,512,96,592.6
standalone,pke_sum_k7_D32_H512_L3,0,608.1,570.3,31.5,6.3,577536,595272,3.831,3.841,0.6125,0.8054,30000,decayed,3.887,512,96,919.7
gru,sparse_k7_Dh112_nnz16_s170,0,200.6,158.9,22.64,19.0,160512,218376,3.798,18.069,0.2687,0.5156,68000,decayed,3.83,512,96,11427.4
gru,sparse_k7_Dh112_nnz8_s170,0,192.7,158.9,14.77,19.0,160512,218376,3.822,58.053,0.1613,0.3436,45000,decayed,3.842,512,96,7569.2
gru,sparse_k7_Dh224_nnz16_s170,0,212.7,164.2,29.53,19.0,165888,280200,3.849,21.423,0.2459,0.4846,69000,decayed,4.129,512,96,12759.6
confirm,confirm_base_400,0,403.3,376.8,0.0,26.5,381696,383880,3.382,3.388,0.6381,0.8208,45000,decayed,3.45,512,96,7376.1
confirm,confirm_fmlpres_400,0,403.7,361.0,15.75,27.0,365008,375376,3.388,3.39,0.6365,0.8205,59000,decayed,3.465,512,96,9818.2
confirm,confirm_addstate_400,0,403.7,362.1,15.75,25.9,365948,376040,3.419,3.421,0.6337,0.818,48000,decayed,3.728,512,96,8118.0
confirm,confirm_concat_400,0,406.4,364.3,15.75,26.3,369180,379368,3.445,3.446,0.6321,0.8175,32000,decayed,3.557,512,96,5711.1
confirm,confirm_base_400,1,403.3,376.8,0.0,26.5,381696,383880,3.405,3.406,0.635,0.8185,31000,decayed,3.393,512,96,5056.8
confirm,confirm_fmlpres_400,1,403.7,361.0,15.75,27.0,365008,375376,3.389,3.395,0.6358,0.82,43000,decayed,3.489,512,96,7909.4
confirm,confirm_addstate_400,1,403.7,362.1,15.75,25.9,365948,376040,3.455,3.456,0.6323,0.8176,43000,decayed,3.511,512,96,7192.2
confirm,confirm_concat_400,1,406.4,364.3,15.75,26.3,369180,379368,3.515,3.518,0.6301,0.8147,36000,decayed,3.75,512,96,6616.3
confirm,confirm_base_400,2,403.3,376.8,0.0,26.5,381696,383880,3.413,3.417,0.6335,0.8195,46000,decayed,3.613,512,96,7936.5
confirm,confirm_fmlpres_400,2,403.7,361.0,15.75,27.0,365008,375376,3.393,3.395,0.6363,0.8199,43000,decayed,3.752,512,96,11259.7
confirm,confirm_addstate_400,2,403.7,362.1,15.75,25.9,365948,376040,3.447,3.448,0.6324,0.8175,27000,decayed,3.569,512,96,4607.1
confirm,confirm_concat_400,2,406.4,364.3,15.75,26.3,369180,379368,3.412,3.412,0.6358,0.819,40000,decayed,3.457,512,96,6553.9
sparse2,sparse_res_k7_Dh112_nnz16_s170,0,232.1,189.5,22.64,19.9,190976,249064,3.641,3.643,0.6155,0.8063,71000,decayed,3.668,512,96,20316.8
sparse2,sparse_res_k7_Dh112_nnz16_s170,0,232.1,189.5,22.64,19.9,190976,249064,3.641,3.643,0.6155,0.8063,71000,decayed,3.668,512,96,20415.4
sparse2,sparse_res_k7_Dh112_nnz16_s170,1,232.1,189.5,22.64,19.9,190976,249064,3.61,3.614,0.6161,0.8072,69000,decayed,3.667,512,96,33943.3
sparse2,sparse_res_k7_Dh112_nnz16_s170,1,232.1,189.5,22.64,19.9,190976,249064,3.61,3.614,0.6161,0.8072,69000,decayed,3.667,512,96,33959.6
sparse2,sparse_res_k7_Dh112_nnz8_s170,0,224.2,189.5,14.77,19.9,190976,249064,5.076,11.265,0.306,0.5463,1000,decayed,11.746,512,96,4277.4
sparse2,sparse_res_k7_Dh112_nnz8_s170,0,224.2,189.5,14.77,19.9,190976,249064,5.076,11.265,0.306,0.5463,1000,decayed,11.746,512,96,4321.4
